layer,parcellation_id,rank,score,status
C,schaefer_100_yeo_7,1,0.39488876428365505,implemented_first_pass
D,schaefer_100_yeo_7,2,0.32176838257152984,implemented_first_pass
E,schaefer_100_yeo_7,3,0.17599514555700851,implemented_proxy_control_energy
A,schaefer_100_yeo_7,4,0.14070315698857125,implemented_first_pass
B,schaefer_100_yeo_7,5,-1.5587841629062325,implemented_negative_control_baseline
C,schaefer_200_yeo_7,1,0.3812357350841233,implemented_first_pass
D,schaefer_200_yeo_7,2,0.27924167039914227,implemented_first_pass
A,schaefer_200_yeo_7,3,0.16163290115024492,implemented_first_pass
E,schaefer_200_yeo_7,4,0.0534825202256326,implemented_proxy_control_energy
B,schaefer_200_yeo_7,5,-3.866778980018167,implemented_negative_control_baseline
C,schaefer_100_yeo_17,1,0.38838412413825185,implemented_first_pass
D,schaefer_100_yeo_17,2,0.38076368940200545,implemented_first_pass
E,schaefer_100_yeo_17,3,0.14146425621619316,implemented_proxy_control_energy
A,schaefer_100_yeo_17,4,0.14070315698857125,implemented_first_pass
B,schaefer_100_yeo_17,5,-1.5587841629062331,implemented_negative_control_baseline
C,schaefer_200_yeo_17,1,0.3890043610256203,implemented_first_pass
D,schaefer_200_yeo_17,2,0.3238425854807948,implemented_first_pass
A,schaefer_200_yeo_17,3,0.16163290115024492,implemented_first_pass
E,schaefer_200_yeo_17,4,0.034502729231533,implemented_proxy_control_energy
B,schaefer_200_yeo_17,5,-3.8667789800181773,implemented_negative_control_baseline
