com_displacement_max_mm_delta_lsd_minus_placebo,com_displacement_max_mm_lsd,com_displacement_max_mm_mean_abs,com_displacement_max_mm_placebo,com_displacement_mean_mm_delta_lsd_minus_placebo,com_displacement_mean_mm_lsd,com_displacement_mean_mm_mean_abs,com_displacement_mean_mm_placebo,com_displacement_p95_mm_delta_lsd_minus_placebo,com_displacement_p95_mm_lsd,com_displacement_p95_mm_mean_abs,com_displacement_p95_mm_placebo,com_displacement_spike_fraction_delta_lsd_minus_placebo,com_displacement_spike_fraction_lsd,com_displacement_spike_fraction_mean_abs,com_displacement_spike_fraction_placebo,cross_network_communication,effective_barrier_proxy,entropy_diversity,global_signal_derivative_rms_delta_lsd_minus_placebo,global_signal_derivative_rms_lsd,global_signal_derivative_rms_mean_abs,global_signal_derivative_rms_placebo,global_signal_derivative_spike_fraction_delta_lsd_minus_placebo,global_signal_derivative_spike_fraction_lsd,global_signal_derivative_spike_fraction_mean_abs,global_signal_derivative_spike_fraction_placebo,hierarchical_compression,image_dvars_max_delta_lsd_minus_placebo,image_dvars_max_lsd,image_dvars_max_mean_abs,image_dvars_max_placebo,image_dvars_mean_delta_lsd_minus_placebo,image_dvars_mean_lsd,image_dvars_mean_mean_abs,image_dvars_mean_placebo,image_dvars_p95_delta_lsd_minus_placebo,image_dvars_p95_lsd,image_dvars_p95_mean_abs,image_dvars_p95_placebo,image_dvars_spike_fraction_delta_lsd_minus_placebo,image_dvars_spike_fraction_lsd,image_dvars_spike_fraction_mean_abs,image_dvars_spike_fraction_placebo,lsd_bold_path,metastability_proxy,placebo_bold_path,run,sample_stride,sampled_voxel_count_lsd,sampled_voxel_count_placebo,subject,subject_view_path,switching_rate,thalamic_coupling,volume_count_balanced,volume_count_lsd,volume_count_placebo,within_network_stability
0.0009920372046109786,0.018143883726737097,0.01764786512443161,0.01715184652212612,0.0013602341350257017,0.007340482448221892,0.00666036538070904,0.00598024831319619,0.0011856694675041381,0.013940384647719711,0.013347549913967641,0.012754715180215573,0.0,0.0,0.0,0.0,0.18233945747535196,-0.7797125483692646,0.02318678328925916,0.12576549973796797,0.36094813398974385,0.2980653841207599,0.23518263425177588,0.05092592592592592,0.08333333333333333,0.057870370370370364,0.032407407407407406,0.17162562577312568,0.4561514709215295,2.4326843237967295,2.2046085883359647,1.9765328528752,0.16725949608305113,1.3812697241996472,1.2976399761581217,1.214010228116596,0.2946589322778037,1.871236884890945,1.7239074187520433,1.5765779526131414,0.032407407407407406,0.037037037037037035,0.020833333333333332,0.004629629629629629,data/ds003059/sub-001/ses-LSD/func/sub-001_ses-LSD_task-rest_run-01_bold.nii.gz,-0.06314947854063213,data/ds003059/sub-001/ses-PLCB/func/sub-001_ses-PLCB_task-rest_run-01_bold.nii.gz,run-01,6,828,816,sub-001,results/stage_2/empirical_viewer/subject_views/sub-001_run-01.json,0.0601851851851852,0.3070179756231195,True,217,217,0.01364058555063452
0.0008545850666710937,0.01870438972263469,0.018277097189299145,0.017849804655963596,-0.0007860359491102349,0.006093866177354203,0.00648688415190932,0.006879902126464438,-0.00032950156803756084,0.013252384689674993,0.013417135473693774,0.013581886257712554,0.0,0.0,0.0,0.0,0.16771834193867513,-0.533038565463031,-0.01555915714215872,0.0433837166637413,0.2589952592327439,0.23730340090087326,0.2156115425690026,-0.027777777777777776,0.06944444444444445,0.08333333333333334,0.09722222222222222,0.16302471065399723,0.05563370614550034,1.8399060102354377,1.8120891571626876,1.7842723040899373,0.006634616418635275,1.2056304789058911,1.2023131706965735,1.1989958624872559,0.04525012726806832,1.562358129192602,1.539733065558568,1.5171080019245338,0.013888888888888888,0.032407407407407406,0.02546296296296296,0.018518518518518517,data/ds003059/sub-001/ses-LSD/func/sub-001_ses-LSD_task-rest_run-03_bold.nii.gz,0.010913350795915822,data/ds003059/sub-001/ses-PLCB/func/sub-001_ses-PLCB_task-rest_run-03_bold.nii.gz,run-03,6,829,812,sub-001,results/stage_2/empirical_viewer/subject_views/sub-001_run-03.json,0.04629629629629628,0.31508107777316696,True,217,217,-0.013907390637136807
0.0014699137234724588,0.0294043439929517,0.02866938713121547,0.02793443026947924,-0.0028917114055816793,0.008374439659601525,0.009820295362392366,0.011266151065183205,-0.0022694499650979007,0.017756895679616257,0.01889162066216521,0.020026345644714158,0.0,0.0,0.0,0.0,0.31125136039355905,-0.7066485753052918,-0.017191517088859243,-0.0026633090866692855,0.40486726376077886,0.4061989183041135,0.40753057284744815,0.04166666666666667,0.06944444444444445,0.04861111111111111,0.027777777777777776,0.3647861805553453,-0.8196528330397546,2.376017286237193,2.78584370275707,3.1956701192769477,-0.41128869590968553,1.6042015250853485,1.8098458730401914,2.015490220995034,-0.45907976247361804,2.041543676394164,2.2710835576309734,2.500623438867782,-0.004629629629629629,0.009259259259259259,0.011574074074074073,0.013888888888888888,data/ds003059/sub-002/ses-LSD/func/sub-002_ses-LSD_task-rest_run-01_bold.nii.gz,-0.15993980950611064,data/ds003059/sub-002/ses-PLCB/func/sub-002_ses-PLCB_task-rest_run-01_bold.nii.gz,run-01,6,792,806,sub-002,results/stage_2/empirical_viewer/subject_views/sub-002_run-01.json,0.05555555555555558,0.43301476609503947,True,217,217,0.23450655628316763
0.0043457068437891405,0.031030787808911612,0.02885793438701704,0.02668508096512247,-0.001914594829611387,0.009219829569033278,0.01017712698383897,0.011134424398644665,-0.0014905451843531467,0.01875005413797704,0.019495326730153615,0.02024059932233019,0.0,0.0,0.0,0.0,0.10602192635496724,0.15181902985074647,-0.015468335869097127,0.082487864240602,0.392243133614713,0.350999201494412,0.309755269374111,-0.004629629629629629,0.013888888888888888,0.016203703703703703,0.018518518518518517,0.025018333177154913,-0.46510374726085946,2.3247735230025497,2.5573253966329794,2.789877270263409,-0.2169218544296554,1.6492019627351524,1.7576628899499802,1.8661238171648078,-0.19149358881546963,2.1376087128312284,2.2333555072389633,2.329102301646698,0.004629629629629629,0.018518518518518517,0.016203703703703703,0.013888888888888888,data/ds003059/sub-002/ses-LSD/func/sub-002_ses-LSD_task-rest_run-03_bold.nii.gz,-0.16192740512211745,data/ds003059/sub-002/ses-PLCB/func/sub-002_ses-PLCB_task-rest_run-03_bold.nii.gz,run-03,6,784,815,sub-002,results/stage_2/empirical_viewer/subject_views/sub-002_run-03.json,-0.013888888888888895,0.26085925495763507,True,217,217,0.2810816909309696
-0.006265728064121522,0.016274491420140084,0.019407355452200847,0.022540219484261607,-5.676544005314872e-05,0.006700398106408194,0.006728780826434768,0.006757163546461342,-0.0025652439102879076,0.012054658308214639,0.013337280263358592,0.014619902218502547,0.0,0.0,0.0,0.0,0.13623479754448606,0.28732207878186067,0.054737173866611255,-0.028025125900003334,0.29864765819473915,0.3126602211447408,0.3266727840947425,-0.0462962962962963,0.032407407407407406,0.05555555555555555,0.0787037037037037,0.20114812517136388,-0.32408024605807606,2.10475607446838,2.266796197497418,2.428836320526456,-0.05645455793438936,1.307497678751328,1.3357249577185226,1.3639522366857173,-0.2198548524652002,1.642180775902351,1.7521082021349512,1.8620356283675512,-0.013888888888888888,0.013888888888888888,0.020833333333333332,0.027777777777777776,data/ds003059/sub-003/ses-LSD/func/sub-003_ses-LSD_task-rest_run-01_bold.nii.gz,0.012215156857533493,data/ds003059/sub-003/ses-PLCB/func/sub-003_ses-PLCB_task-rest_run-01_bold.nii.gz,run-01,6,780,811,sub-003,results/stage_2/empirical_viewer/subject_views/sub-003_run-01.json,-0.018518518518518517,0.16303462036927538,True,217,217,0.0003781601873468765
-0.004819465064047991,0.0202936904218611,0.022703422953885097,0.025113155485909092,-0.0010736771560732744,0.006727103753883636,0.007263942331920273,0.00780078090995691,-0.0034274999337243015,0.012694225023604682,0.014407974990466834,0.016121724957328984,0.0,0.0,0.0,0.0,-0.026581998321206668,-0.06129943502824853,0.00945357720230977,-0.14992630694152642,0.28915689006728873,0.36412004353805194,0.43908319700881515,0.009259259259259259,0.041666666666666664,0.037037037037037035,0.032407407407407406,-0.16757193756698785,-0.6679766241695724,1.8117323476428622,2.1457206597276484,2.4797089718124345,-0.22524107164192353,1.2347555236984253,1.347376059519387,1.4599965953403489,-0.4580600278931437,1.5214061053480823,1.7504361192946543,1.979466133241226,-0.013888888888888888,0.027777777777777776,0.034722222222222224,0.041666666666666664,data/ds003059/sub-003/ses-LSD/func/sub-003_ses-LSD_task-rest_run-03_bold.nii.gz,-0.12612642376019845,data/ds003059/sub-003/ses-PLCB/func/sub-003_ses-PLCB_task-rest_run-03_bold.nii.gz,run-03,6,778,808,sub-003,results/stage_2/empirical_viewer/subject_views/sub-003_run-03.json,0.004629629629629595,0.1653637180802019,True,217,217,-0.07135343635058095
-0.011202624260814285,0.021634400434310624,0.027235712564717768,0.03283702469512491,-0.001537158271602241,0.008507174818468858,0.009275753954269978,0.010044333090071099,-0.006477904149429219,0.016313692611655932,0.01955264468637054,0.02279159676108515,0.0,0.0,0.0,0.0,0.06754256189338462,0.4391601315456617,0.00921605558215155,-0.03621321388706139,0.3114930312445706,0.32959963818810134,0.347706245131632,0.009259259259259259,0.041666666666666664,0.037037037037037035,0.032407407407407406,0.07097700166523446,-0.6976738146707198,2.3296081563344604,2.6784450636698205,3.02728197100518,-0.17259567697635148,1.5707761587223925,1.6570739972105684,1.743371835698744,-0.2893512981273687,1.9569633906467223,2.1016390397104066,2.246314688774091,-0.023148148148148147,0.018518518518518517,0.03009259259259259,0.041666666666666664,data/ds003059/sub-004/ses-LSD/func/sub-004_ses-LSD_task-rest_run-01_bold.nii.gz,-0.2832386054797149,data/ds003059/sub-004/ses-PLCB/func/sub-004_ses-PLCB_task-rest_run-01_bold.nii.gz,run-01,6,828,811,sub-004,results/stage_2/empirical_viewer/subject_views/sub-004_run-01.json,-0.037037037037037035,0.11549700419595593,True,217,217,0.03048287840541275
-0.009827709028995591,0.02274562705161078,0.027659481566108576,0.03257333608060637,-0.002107227156600425,0.009098575200964196,0.01015218877926441,0.011205802357564621,-0.006259459411623161,0.017675189538593795,0.020804919244405376,0.023934648950216957,0.0,0.0,0.0,0.0,0.06429016840649854,-0.5597936244702413,0.0018087783100115828,-0.03641313561596843,0.3281733621580616,0.34637992996604583,0.36458649777403,0.0,0.027777777777777776,0.027777777777777776,0.027777777777777776,0.1841320608633137,-0.7098120560297998,2.29572755155045,2.65063357956535,3.00553960758025,-0.3563873744180357,1.5276963145809421,1.7058900017899599,1.8840836889989778,-0.6041999320346925,1.945144584212867,2.247244550230213,2.5493445162475594,0.0,0.06018518518518518,0.06018518518518518,0.06018518518518518,data/ds003059/sub-004/ses-LSD/func/sub-004_ses-LSD_task-rest_run-03_bold.nii.gz,-0.04646697882811801,data/ds003059/sub-004/ses-PLCB/func/sub-004_ses-PLCB_task-rest_run-03_bold.nii.gz,run-03,6,825,827,sub-004,results/stage_2/empirical_viewer/subject_views/sub-004_run-03.json,0.06481481481481477,0.005738856637358458,True,217,217,-0.022138317594546486
-0.008014438062658953,0.015948909699131986,0.019956128730461462,0.02396334776179094,-0.000866309523331439,0.007505762584596628,0.007938917346262347,0.008372072107928067,-0.0020245252439098672,0.013916822944207017,0.01492908556616195,0.015941348188116884,0.0,0.0,0.0,0.0,-0.031323783191651855,0.26620323042322624,0.025521533187413015,-0.17527470796220262,0.31980677107983246,0.40744412506093375,0.4950814790420351,-0.023148148148148147,0.018518518518518517,0.03009259259259259,0.041666666666666664,0.027558812284840584,-0.6196104614278761,2.1161982818654277,2.4260035125793658,2.735808743293304,-0.3469127502346405,1.4746577705904447,1.648114145707765,1.8215705208250852,-0.5370508375123562,1.8789537140729111,2.147479132829089,2.4160045515852673,0.0,0.041666666666666664,0.041666666666666664,0.041666666666666664,data/ds003059/sub-006/ses-LSD/func/sub-006_ses-LSD_task-rest_run-01_bold.nii.gz,-0.07478085256980349,data/ds003059/sub-006/ses-PLCB/func/sub-006_ses-PLCB_task-rest_run-01_bold.nii.gz,run-01,6,803,812,sub-006,results/stage_2/empirical_viewer/subject_views/sub-006_run-01.json,-0.027777777777777735,-0.0847171252814225,True,217,217,-0.02197812904313451
-0.0038774163929555343,0.01853121259751058,0.02046992079398835,0.022408628990466115,-0.002444216224322885,0.006706728038940919,0.007928836151102361,0.009150944263263804,-0.0024263515847590643,0.013169711211892882,0.014382887004272414,0.015596062796651947,0.0,0.0,0.0,0.0,-0.000798095601495602,0.38810641627543063,-0.05006945587170364,-0.06464800942242305,0.3079283430825139,0.3402523477937254,0.3725763525049369,0.023148148148148147,0.027777777777777776,0.016203703703703703,0.004629629629629629,-0.02339436418343177,-0.24975786377386866,2.49998283300759,2.6248617648945247,2.749740696781459,-0.3604143172019505,1.534700583051077,1.7149077416520522,1.8951149002530274,-0.3391885666932968,2.035079224306253,2.2046735076529016,2.37426779099955,0.018518518518518517,0.032407407407407406,0.023148148148148147,0.013888888888888888,data/ds003059/sub-006/ses-LSD/func/sub-006_ses-LSD_task-rest_run-03_bold.nii.gz,0.06278233770448027,data/ds003059/sub-006/ses-PLCB/func/sub-006_ses-PLCB_task-rest_run-03_bold.nii.gz,run-03,6,808,809,sub-006,results/stage_2/empirical_viewer/subject_views/sub-006_run-03.json,-0.037037037037037035,0.05037431534641129,True,217,217,-0.0465494596066896
-0.0019163693798982355,0.020385665344858372,0.021343850034807488,0.022302034724756607,-0.0005452045253660498,0.00767315324504491,0.007945755507727935,0.00821835777041096,-0.001447031884784027,0.015045330226061466,0.01576884616845348,0.016492362110845493,0.0,0.0,0.0,0.0,-0.17080266770811056,0.0,-0.000480479972892911,-0.035692676316881056,0.18445037523742022,0.20229671339586075,0.22014305155430128,-0.03240740740740741,0.037037037037037035,0.05324074074074074,0.06944444444444445,-0.4068839331126423,-0.15561244335502478,2.167207254373214,2.245013476050726,2.3228196977282387,-0.09148597145342108,1.400244492852324,1.4459874785790348,1.4917304643057452,-0.3023098953703047,1.7252292003397662,1.8763841480249186,2.027539095710071,-0.023148148148148147,0.023148148148148147,0.034722222222222224,0.046296296296296294,data/ds003059/sub-009/ses-LSD/func/sub-009_ses-LSD_task-rest_run-01_bold.nii.gz,0.010728878441454981,data/ds003059/sub-009/ses-PLCB/func/sub-009_ses-PLCB_task-rest_run-01_bold.nii.gz,run-01,6,811,806,sub-009,results/stage_2/empirical_viewer/subject_views/sub-009_run-01.json,0.0,-0.19727219181244593,True,217,217,-0.07878583973172916
-0.005287968793621194,0.0237438503105689,0.026387834707379498,0.029031819104190094,-0.0017588829200482024,0.008531954686137171,0.009411396146161273,0.010290837606185373,-0.004455221830479951,0.017137065774765974,0.01936467669000595,0.021592287605245924,0.0,0.0,0.0,0.0,0.009288266307990574,-0.40185185185185146,-0.04194587847134601,-0.019739288234172758,0.20599140680274686,0.21586105091983324,0.22573069503691962,0.032407407407407406,0.037037037037037035,0.020833333333333332,0.004629629629629629,0.012611841005449875,-0.2827635553526804,2.4086408834942468,2.550022661170587,2.691404438846927,-0.12350061412372404,1.564432365137327,1.6261826721991892,1.6879329792610511,-0.14481275431650031,2.053370837115104,2.125777214273354,2.1981835914316044,-0.009259259259259259,0.023148148148148147,0.027777777777777776,0.032407407407407406,data/ds003059/sub-009/ses-LSD/func/sub-009_ses-LSD_task-rest_run-03_bold.nii.gz,0.0021483586870065796,data/ds003059/sub-009/ses-PLCB/func/sub-009_ses-PLCB_task-rest_run-03_bold.nii.gz,run-03,6,801,792,sub-009,results/stage_2/empirical_viewer/subject_views/sub-009_run-03.json,0.027777777777777762,0.01297654972400586,True,217,217,-0.0033686608978419907
-0.005242615514634258,0.021214573977129975,0.023835881734447104,0.026457189491764233,-0.0017907660297057423,0.007382563842102261,0.008277946856955133,0.009173329871808003,-0.004538317701139331,0.014965524112548551,0.01723468296311822,0.019503841813687882,0.0,0.0,0.0,0.0,0.10721865108606723,-0.76140350877193,0.01449377301092647,-0.05744046440422157,0.36341343800368187,0.39213367020579265,0.42085390240790344,0.009259259259259259,0.023148148148148147,0.018518518518518517,0.013888888888888888,0.035440757026684866,-0.21981884472047852,2.244377689106023,2.3542871114662622,2.4641965338265015,-0.2335283229337055,1.4355630311825436,1.5523271926493964,1.669091354116249,-0.259103294891053,1.82695558942704,1.9565072368725664,2.086058884318093,0.009259259259259259,0.023148148148148147,0.018518518518518517,0.013888888888888888,data/ds003059/sub-010/ses-LSD/func/sub-010_ses-LSD_task-rest_run-01_bold.nii.gz,0.04146412675937339,data/ds003059/sub-010/ses-PLCB/func/sub-010_ses-PLCB_task-rest_run-01_bold.nii.gz,run-01,6,808,805,sub-010,results/stage_2/empirical_viewer/subject_views/sub-010_run-01.json,0.07407407407407407,0.18761053921809437,True,217,217,0.1614561277491784
-0.017093659810128097,0.018569771373566576,0.027116601278630623,0.03566343118369467,-0.0025562166533962217,0.00651736827144942,0.007795476598147531,0.009073584924845642,-0.005372425476975281,0.012585575821126948,0.015271788559614589,0.017958001298102228,0.0,0.0,0.0,0.0,0.1915204900248849,-0.29693486590038276,-0.0335168935379071,-0.07835315887173488,0.3349512151033283,0.37412779453919576,0.4133043739750632,0.027777777777777783,0.06944444444444445,0.05555555555555555,0.041666666666666664,0.3762527661952252,-0.8186001395195222,2.064528078550678,2.473828148310439,2.8831282180702003,-0.37388171683251903,1.420691231524779,1.6076320899410386,1.794572948357298,-0.543867266646701,1.7924452106868658,2.0643788440102164,2.336312477333567,0.009259259259259259,0.027777777777777776,0.023148148148148147,0.018518518518518517,data/ds003059/sub-010/ses-LSD/func/sub-010_ses-LSD_task-rest_run-03_bold.nii.gz,-0.0857463518597592,data/ds003059/sub-010/ses-PLCB/func/sub-010_ses-PLCB_task-rest_run-03_bold.nii.gz,run-03,6,808,806,sub-010,results/stage_2/empirical_viewer/subject_views/sub-010_run-03.json,0.02314814814814814,0.18630647870666098,True,217,217,0.14407552851316258
-0.010501367709110334,0.01954260622076979,0.024793290075324957,0.030043973929880122,-0.0026030505363208055,0.007597690717531201,0.008899215985691603,0.010200741253852006,-0.005039462371611115,0.014275204183258252,0.01679493536906381,0.019314666554869367,0.0,0.0,0.0,0.0,0.038301865158704373,0.19035087719298227,0.006950048245032758,-0.18144038185165387,0.24151400696560496,0.3322341978914319,0.42295438881725883,-0.004629629629629629,0.023148148148148147,0.02546296296296296,0.027777777777777776,-0.023980581518107447,-0.2990054535319482,2.2621102429112447,2.411612969677219,2.561115696443193,-0.34434736369036845,1.4254885074500223,1.5976621892952065,1.7698358711403908,-0.47070832953949227,1.8245761629947896,2.059930327764536,2.295284492534282,0.004629629629629629,0.023148148148148147,0.020833333333333332,0.018518518518518517,data/ds003059/sub-011/ses-LSD/func/sub-011_ses-LSD_task-rest_run-01_bold.nii.gz,0.02467293964906858,data/ds003059/sub-011/ses-PLCB/func/sub-011_ses-PLCB_task-rest_run-01_bold.nii.gz,run-01,6,787,792,sub-011,results/stage_2/empirical_viewer/subject_views/sub-011_run-01.json,-0.013888888888888895,0.1872568413760093,True,217,217,-0.09364850394994423
-0.001891633905631386,0.017129341964272547,0.01807515891708824,0.019020975869903933,-0.0017681981301748669,0.007600232366635272,0.008484331431722706,0.009368430496810139,-0.0029332172845954636,0.01336539985249503,0.014832008494792761,0.016298617137090493,0.0,0.0,0.0,0.0,0.030295904597718526,0.06798245614035103,-0.009962902264648688,-0.028674582157553086,0.2575351203080842,0.2718724113868607,0.28620970246563726,0.013888888888888888,0.037037037037037035,0.03009259259259259,0.023148148148148147,-0.12201883201599723,-0.23482211747097415,2.1710110336991217,2.288422092434609,2.405833151170096,-0.27412840878810574,1.3534534316769944,1.4905176360710473,1.6275818404651001,-0.23911576691869585,1.8120822037423936,1.9316400872017416,2.0511979706610894,0.037037037037037035,0.05092592592592592,0.032407407407407406,0.013888888888888888,data/ds003059/sub-011/ses-LSD/func/sub-011_ses-LSD_task-rest_run-03_bold.nii.gz,-0.16552184789659785,data/ds003059/sub-011/ses-PLCB/func/sub-011_ses-PLCB_task-rest_run-03_bold.nii.gz,run-03,6,792,796,sub-011,results/stage_2/empirical_viewer/subject_views/sub-011_run-03.json,-0.004629629629629595,0.1858186629364194,True,217,217,-0.023042254041741483
0.00015415851083960125,0.020605146208590473,0.020528066953170672,0.02045098769775087,-0.0023965028680901865,0.006694044290400467,0.00789229572444556,0.009090547158490654,-0.0038268899551042387,0.013717361075863174,0.015630806053415294,0.017544251030967413,0.0,0.0,0.0,0.0,0.06616332885404375,-0.5502028397565919,-0.0038724978840933844,-0.06293217939271384,0.3162240834143189,0.34769017311067585,0.37915626280703274,0.009259259259259259,0.046296296296296294,0.041666666666666664,0.037037037037037035,-0.08922410195070507,-0.7623124393455987,2.0859040587227358,2.467060278395535,2.8482164980683344,-0.3414815439816752,1.3718994963272377,1.5426402683180753,1.713381040308913,-0.6229879988846738,1.7456186798518596,2.0571126792941965,2.3686066787365334,-0.013888888888888888,0.032407407407407406,0.039351851851851846,0.046296296296296294,data/ds003059/sub-012/ses-LSD/func/sub-012_ses-LSD_task-rest_run-01_bold.nii.gz,0.23085606230748312,data/ds003059/sub-012/ses-PLCB/func/sub-012_ses-PLCB_task-rest_run-01_bold.nii.gz,run-01,6,824,825,sub-012,results/stage_2/empirical_viewer/subject_views/sub-012_run-01.json,0.04629629629629628,0.15368429632209224,True,217,217,0.18561329597082216
-0.003276032478299414,0.015268924080502759,0.016906940319652466,0.018544956558802173,-0.001013300171249741,0.005973424466041075,0.006480074551665946,0.006986724637290816,-0.0027199216144116207,0.011410709194102624,0.012770670001308434,0.014130630808514245,0.0,0.0,0.0,0.0,0.2117639337102159,-0.3625730994152043,0.03192654908118053,-0.0711535617824049,0.27542284420422364,0.3109996250954261,0.34657640598662853,-0.027777777777777776,0.032407407407407406,0.046296296296296294,0.06018518518518518,0.22029932822226667,-0.5466023498759149,2.2607946539894552,2.5340958289274127,2.80739700386537,-0.2973788724720614,1.3789852135715603,1.527674649807591,1.6763640860436217,-0.6427524757478582,1.7284497836770591,2.049826021550988,2.3712022594249174,-0.046296296296296294,0.013888888888888888,0.037037037037037035,0.06018518518518518,data/ds003059/sub-012/ses-LSD/func/sub-012_ses-LSD_task-rest_run-03_bold.nii.gz,-0.168984861059148,data/ds003059/sub-012/ses-PLCB/func/sub-012_ses-PLCB_task-rest_run-03_bold.nii.gz,run-03,6,833,834,sub-012,results/stage_2/empirical_viewer/subject_views/sub-012_run-03.json,0.02777777777777779,0.4105029210785304,True,217,217,-0.06911264990203664
-0.0007310007481614138,0.022009534517320007,0.022375034891400712,0.02274053526548142,0.0004100076265185007,0.008232483236369607,0.008027479423110356,0.007822475609851106,0.00042380616994865117,0.015758478340820073,0.015546575255845747,0.015334672170871422,0.0,0.0,0.0,0.0,0.07738465466307407,-0.06798245614035103,0.0024612925599266644,0.09627271432226941,0.30599843972060614,0.2578620825594714,0.20972572539833673,-0.037037037037037035,0.004629629629629629,0.023148148148148147,0.041666666666666664,0.2572351972826731,0.2354291615031472,2.441278191573697,2.3235636108221236,2.2058490300705498,0.23347158055776784,1.6145229669505754,1.4977871766716915,1.3810513863928076,0.18513385020798756,2.040546927985168,1.947980002881174,1.8554130777771802,-0.009259259259259259,0.032407407407407406,0.037037037037037035,0.041666666666666664,data/ds003059/sub-013/ses-LSD/func/sub-013_ses-LSD_task-rest_run-01_bold.nii.gz,0.0013474317953183768,data/ds003059/sub-013/ses-PLCB/func/sub-013_ses-PLCB_task-rest_run-01_bold.nii.gz,run-01,6,780,820,sub-013,results/stage_2/empirical_viewer/subject_views/sub-013_run-01.json,0.004629629629629595,-0.020357096319620932,True,217,217,0.08666496693128492
-0.00977458689378308,0.016717501833405844,0.021604795280297386,0.026492088727188924,-0.000908514906808231,0.006570354272957433,0.007024611726361549,0.007478869179765664,-0.0042419090966823655,0.011803792027230371,0.013924746575571554,0.016045701123912737,0.0,0.0,0.0,0.0,0.07042188126355742,0.17222222222222205,0.07210709415808703,0.07571236767160058,0.2973795637841554,0.2595233799483551,0.22166719611255484,0.013888888888888888,0.05555555555555555,0.048611111111111105,0.041666666666666664,0.3847514043327622,0.10236215848332897,2.202433530214755,2.1512524509730904,2.100071371731426,0.27087500140804743,1.6158129464347704,1.4803754457307465,1.344937945026723,0.11522621640603248,2.0085632682016117,1.9509501599985954,1.8933370517955792,-0.027777777777777776,0.004629629629629629,0.018518518518518517,0.032407407407407406,data/ds003059/sub-013/ses-LSD/func/sub-013_ses-LSD_task-rest_run-03_bold.nii.gz,-0.1732875651166026,data/ds003059/sub-013/ses-PLCB/func/sub-013_ses-PLCB_task-rest_run-03_bold.nii.gz,run-03,6,779,816,sub-013,results/stage_2/empirical_viewer/subject_views/sub-013_run-03.json,-0.013888888888888895,-0.16054156966432573,True,217,217,0.1375395978876371
0.0042330124928328765,0.02785462434410168,0.02573811809768524,0.023621611851268803,0.002150031732094484,0.010841907549067966,0.009766891683020723,0.008691875816973482,0.0019675746479074253,0.018969883300984258,0.017986095977030547,0.017002308653076833,0.0,0.0,0.0,0.0,0.04605067395418527,0.5202797202797202,-0.028090817847555183,0.036056801898858126,0.5037813375295835,0.4857529365801545,0.4677245356307254,0.0,0.013888888888888888,0.013888888888888888,0.013888888888888888,0.02541752470635339,-0.2956656820523942,2.7972605687511036,2.945093409777301,3.092926250803498,0.16673408075855156,1.9878608323392795,1.9044937919600038,1.821126751580728,-0.027204116389482724,2.4872906419533334,2.500892700148075,2.514494758342816,-0.032407407407407406,0.009259259259259259,0.02546296296296296,0.041666666666666664,data/ds003059/sub-015/ses-LSD/func/sub-015_ses-LSD_task-rest_run-01_bold.nii.gz,0.07405807075171045,data/ds003059/sub-015/ses-PLCB/func/sub-015_ses-PLCB_task-rest_run-01_bold.nii.gz,run-01,6,806,824,sub-015,results/stage_2/empirical_viewer/subject_views/sub-015_run-01.json,-0.05555555555555558,0.08465606225652694,True,217,217,0.05832783697817784
0.0020780762579575597,0.020899238553004802,0.019860200424026024,0.018821162295047243,-0.00016780282952564077,0.008635354222052888,0.008719255636815708,0.008803157051578529,0.001421343399797246,0.01743545527902905,0.016724783579130424,0.016014111879231803,0.0,0.0,0.0,0.0,0.09208980045400988,-0.11425061425061411,-0.003926728531321588,0.004107981190013876,0.531917887362611,0.5298638967676041,0.5278099061725972,-0.004629629629629629,0.032407407407407406,0.034722222222222224,0.037037037037037035,0.0612912974821852,0.025499418859233458,2.7200297676748777,2.707280058245261,2.6945303488156442,0.09067080884568646,1.888244104270845,1.8429086998480018,1.7975732954251586,0.026594543630080736,2.3722384344320164,2.358941162616976,2.3456438908019357,0.004629629629629629,0.013888888888888888,0.011574074074074073,0.009259259259259259,data/ds003059/sub-015/ses-LSD/func/sub-015_ses-LSD_task-rest_run-03_bold.nii.gz,0.12741308978075994,data/ds003059/sub-015/ses-PLCB/func/sub-015_ses-PLCB_task-rest_run-03_bold.nii.gz,run-03,6,799,815,sub-015,results/stage_2/empirical_viewer/subject_views/sub-015_run-03.json,0.013888888888888895,0.051695219746666465,True,217,217,0.19903092911585774
-0.008245765849470649,0.025946468761435436,0.03006935168617076,0.034192234610906085,-0.002235828359608302,0.00958763852326128,0.010705552703065432,0.011823466882869582,-0.0045393975111897855,0.019927412728031613,0.022197111483626505,0.024466810239221398,0.0,0.0,0.0,0.0,0.1358783157020343,-0.4951108213820081,-0.04768341364974271,-0.0174838089779783,0.5017753782372444,0.5105172827262335,0.5192591872152227,-0.013888888888888888,0.041666666666666664,0.048611111111111105,0.05555555555555555,0.018681695518028563,-0.5127175200014302,3.012116113228955,3.2684748732296702,3.524833633230385,-0.2775965663022544,1.9557104730339514,2.0945087561850784,2.233307039336206,-0.4085759931152255,2.598325805639568,2.8026138021971807,3.0069017987547935,0.037037037037037035,0.06018518518518518,0.041666666666666664,0.023148148148148147,data/ds003059/sub-017/ses-LSD/func/sub-017_ses-LSD_task-rest_run-01_bold.nii.gz,-0.2937961703746217,data/ds003059/sub-017/ses-PLCB/func/sub-017_ses-PLCB_task-rest_run-01_bold.nii.gz,run-01,6,808,807,sub-017,results/stage_2/empirical_viewer/subject_views/sub-017_run-01.json,0.03240740740740744,0.2014458405449665,True,217,217,0.21347176429794934
-0.005650775115369471,0.027625495613227347,0.03045088317091208,0.03327627072859682,-0.0013579398003325405,0.009603098235407337,0.010282068135573606,0.010961038035739877,-0.0030685804445932732,0.018261959309959025,0.01979624953225566,0.021330539754552298,0.0,0.0,0.0,0.0,0.19052937867243785,0.5603286384976527,-0.06680345090591877,0.013671369250125687,0.503953080069381,0.49711739544431816,0.4902817108192553,-0.004629629629629629,0.041666666666666664,0.04398148148148148,0.046296296296296294,0.11978342246899604,-0.8136170842424595,2.6661059116944874,3.0729144538157174,3.479722995936947,-0.2216491083144787,1.9118862898368987,2.022710843994138,2.1335353981513774,-0.46405748761658927,2.4256306354467227,2.6576593792550174,2.889688123063312,0.027777777777777776,0.037037037037037035,0.023148148148148147,0.009259259259259259,data/ds003059/sub-017/ses-LSD/func/sub-017_ses-LSD_task-rest_run-03_bold.nii.gz,-0.04958767149944854,data/ds003059/sub-017/ses-PLCB/func/sub-017_ses-PLCB_task-rest_run-03_bold.nii.gz,run-03,6,811,798,sub-017,results/stage_2/empirical_viewer/subject_views/sub-017_run-03.json,-0.05092592592592593,0.17877936013598966,True,217,217,0.3180720844313112
-0.004985149856587736,0.018129425057198174,0.020621999985492044,0.02311457491378591,-0.0031776460948020266,0.005892863478351428,0.007481686525752441,0.009070509573153454,-0.004774587580206999,0.011509078283517415,0.013896372073620916,0.016283665863724414,0.0,0.0,0.0,0.0,-0.0026686763345509235,0.32878787878787863,-0.013618367382186802,-0.15680685702783856,0.21030063826128623,0.2887040667752055,0.3671074952891248,-0.013888888888888888,0.013888888888888888,0.020833333333333332,0.027777777777777776,-0.017798436819096042,-0.6795544955033697,1.7943353325330798,2.1341125802847647,2.4738898280364494,-0.4912214407757365,1.1998775865715756,1.4454883069594437,1.691099027347312,-0.6768910212010673,1.4277008678132692,1.766146378413803,2.1045918890143365,0.013888888888888888,0.032407407407407406,0.02546296296296296,0.018518518518518517,data/ds003059/sub-018/ses-LSD/func/sub-018_ses-LSD_task-rest_run-01_bold.nii.gz,0.10408476641723885,data/ds003059/sub-018/ses-PLCB/func/sub-018_ses-PLCB_task-rest_run-01_bold.nii.gz,run-01,6,820,828,sub-018,results/stage_2/empirical_viewer/subject_views/sub-018_run-01.json,-0.02777777777777779,-0.01158939056129972,True,217,217,0.03313923552102824
-0.005798013944667932,0.016162196686982048,0.019061203659316014,0.02196021063164998,-0.002243168353125973,0.00633355232031688,0.0074551364968798665,0.008576720673442853,-0.004388599063522458,0.011566239188900963,0.013760538720662192,0.01595483825242342,0.0,0.0,0.0,0.0,-0.059331641843277216,0.4254901960784312,-0.006216047071862518,-0.11348937179754964,0.2196805951864771,0.2764252810852519,0.33316996698402673,-0.027777777777777776,0.027777777777777776,0.041666666666666664,0.05555555555555555,0.13072432387118466,-0.8939268518433545,1.5148886949687626,1.9618521208904398,2.408815546812117,-0.48628844248856873,1.1625080264480772,1.4056522476923616,1.6487964689366459,-0.7566157081916007,1.3753611561414354,1.7536690102372359,2.131976864333036,-0.032407407407407406,0.009259259259259259,0.02546296296296296,0.041666666666666664,data/ds003059/sub-018/ses-LSD/func/sub-018_ses-LSD_task-rest_run-03_bold.nii.gz,-0.2547533915700586,data/ds003059/sub-018/ses-PLCB/func/sub-018_ses-PLCB_task-rest_run-03_bold.nii.gz,run-03,6,823,832,sub-018,results/stage_2/empirical_viewer/subject_views/sub-018_run-03.json,-0.037037037037037035,-0.20293988873929447,True,217,217,-0.0927824243631904
-0.010037910988937953,0.017392739207540205,0.022411694702009183,0.027430650196478158,-0.002868262201648454,0.006330038845657522,0.0077641699464817485,0.009198301047305976,-0.006933222453306924,0.011560059217761121,0.015026670444414584,0.018493281671068045,0.0,0.0,0.0,0.0,0.27185081553772567,-0.9945438673068527,-0.01610658118204511,0.12970806791945827,0.4080017763323028,0.3431477423725736,0.2782937084128445,-0.023148148148148147,0.027777777777777776,0.039351851851851846,0.05092592592592592,0.06915611479829153,0.2779229632983222,2.377564235420611,2.23860275377145,2.099641272122289,-0.03401433658100994,1.3767749657011292,1.393782133991634,1.4107893022821392,0.09617112458229604,1.9046253448454795,1.8565397825543315,1.8084542202631835,-0.009259259259259259,0.037037037037037035,0.041666666666666664,0.046296296296296294,data/ds003059/sub-019/ses-LSD/func/sub-019_ses-LSD_task-rest_run-01_bold.nii.gz,-0.10532610986451418,data/ds003059/sub-019/ses-PLCB/func/sub-019_ses-PLCB_task-rest_run-01_bold.nii.gz,run-01,6,804,808,sub-019,results/stage_2/empirical_viewer/subject_views/sub-019_run-01.json,0.09722222222222221,0.509403229692757,True,217,217,0.19718962090890418
0.0009158649994634484,0.019656302433264525,0.0191983699335328,0.018740437433801077,-0.00038843679749145463,0.007547223488237358,0.007741441886983086,0.007935660285728813,-0.0006570868955666567,0.01527403735367057,0.015602580801453898,0.015931124249237226,0.0,0.0,0.0,0.0,-0.061448737779009666,-0.47173913043478244,0.01906947803097825,-0.02394183659715271,0.3494898804116644,0.3614607987102407,0.3734317170088171,-0.027777777777777776,0.004629629629629629,0.018518518518518517,0.032407407407407406,-0.18550285176239123,-0.04410096718796597,2.0697005531443806,2.091751036738364,2.1138015203323466,-0.008882632807109658,1.4267257142010925,1.4311670306046473,1.4356083470082022,-0.04930215336421928,1.8146678884268161,1.8393189651089257,1.8639700417910354,-0.009259259259259259,0.004629629629629629,0.009259259259259259,0.013888888888888888,data/ds003059/sub-019/ses-LSD/func/sub-019_ses-LSD_task-rest_run-03_bold.nii.gz,-0.1405362298870334,data/ds003059/sub-019/ses-PLCB/func/sub-019_ses-PLCB_task-rest_run-03_bold.nii.gz,run-03,6,805,810,sub-019,results/stage_2/empirical_viewer/subject_views/sub-019_run-03.json,0.041666666666666685,-0.06084976839466272,True,217,217,0.11962920283582429
-0.0019795756017356864,0.020406636656029823,0.021396424456897666,0.02238621225776551,-0.00100418154315394,0.008157344386524525,0.008659435158101494,0.009161525929678465,-0.0011660079984080335,0.01567122457037507,0.016254228569579088,0.016837232568783105,0.0,0.0,0.0,0.0,0.05691275428058962,-1.1167388949079093,0.03821940759646425,0.10274463225254243,0.4960835853226013,0.4447112691963301,0.39333895307005884,0.023148148148148147,0.041666666666666664,0.03009259259259259,0.018518518518518517,-0.0712820948971361,-0.23773523238414285,2.787107643465362,2.9059752596574335,3.024842875849505,-0.12993856111829305,1.7270389569471547,1.7920082375063013,1.8569775180654478,-0.1014725263591103,2.3128817123079912,2.3636179754875464,2.4143542386671015,0.018518518518518517,0.032407407407407406,0.023148148148148147,0.013888888888888888,data/ds003059/sub-020/ses-LSD/func/sub-020_ses-LSD_task-rest_run-01_bold.nii.gz,-0.15890150099384037,data/ds003059/sub-020/ses-PLCB/func/sub-020_ses-PLCB_task-rest_run-01_bold.nii.gz,run-01,6,806,837,sub-020,results/stage_2/empirical_viewer/subject_views/sub-020_run-01.json,0.08796296296296297,0.13902960523543723,True,217,217,0.1012793373468655
0.004602060047798843,0.02262638077108799,0.020325350747188567,0.018024320723289147,0.00017742694659762977,0.008651026630176022,0.008562313156877208,0.008473599683578392,8.96119336250209e-05,0.0159722862820653,0.01592748031525279,0.01588267434844028,0.0,0.0,0.0,0.0,-0.05582774551790015,0.0,-0.006217251930599743,-0.05755547381584197,0.4283754569663644,0.45715319387428544,0.4859309307822064,0.0,0.013888888888888888,0.013888888888888888,0.013888888888888888,-0.18776872617037937,-0.10617826645070139,2.5579434719795806,2.6110326052049313,2.664121738430282,-0.1968724839451199,1.6778121570478515,1.7762483990204114,1.8746846409929714,-0.1811436995769058,2.0690280219927843,2.1595998717812375,2.25017172156969,0.004629629629629629,0.018518518518518517,0.016203703703703703,0.013888888888888888,data/ds003059/sub-020/ses-LSD/func/sub-020_ses-LSD_task-rest_run-03_bold.nii.gz,0.19057607173965407,data/ds003059/sub-020/ses-PLCB/func/sub-020_ses-PLCB_task-rest_run-03_bold.nii.gz,run-03,6,801,839,sub-020,results/stage_2/empirical_viewer/subject_views/sub-020_run-03.json,0.0,0.030665964246165467,True,217,217,0.003886267662815357
