dynamic_metric,image_motion_qc_feature,image_motion_qc_sensitivity_flag,n,pearson_p,pearson_q,pearson_r,spearman_p,spearman_rho
cross_network_communication,com_displacement_max_mm_delta_lsd_minus_placebo,False,30,0.5134406693997344,0.9073906686781444,-0.12412173698885957,0.6027289022857427,-0.09899888765294772
effective_barrier_proxy,com_displacement_max_mm_delta_lsd_minus_placebo,False,30,0.7436729151111559,0.9411454421443864,-0.06228930555590157,0.44153673219372574,-0.14595616955374333
entropy_diversity,com_displacement_max_mm_delta_lsd_minus_placebo,False,30,0.8312263834167952,0.951334836687703,-0.04062191666269054,0.6834144011145574,-0.07764182424916574
hierarchical_compression,com_displacement_max_mm_delta_lsd_minus_placebo,False,30,0.08034491403614218,0.4820694842168531,-0.32435189632705597,0.12322467231858567,-0.2876529477196885
metastability_proxy,com_displacement_max_mm_delta_lsd_minus_placebo,False,30,0.05586977843225069,0.3831070521068619,0.35276404418003127,0.09915368989561775,0.3067853170189099
switching_rate,com_displacement_max_mm_delta_lsd_minus_placebo,False,30,0.9166838769594534,0.9610425648407773,0.019945044091417626,0.5990068516544461,0.10001121214725567
thalamic_coupling,com_displacement_max_mm_delta_lsd_minus_placebo,False,30,0.7744920338024885,0.9411454421443864,0.054588824791816655,0.7641029227953106,0.057174638487208
within_network_stability,com_displacement_max_mm_delta_lsd_minus_placebo,False,30,0.5574916723817198,0.9334744281740425,0.11149559914714463,0.3840102408469911,0.16484983314794216
cross_network_communication,com_displacement_max_mm_mean_abs,False,30,0.13213988555722675,0.616686531473847,0.2812722690557939,0.21365894749258096,0.23381535038932147
effective_barrier_proxy,com_displacement_max_mm_mean_abs,False,30,0.7505629579090851,0.9411454421443864,0.060559796696541976,0.8162890761671128,0.044276338020114214
entropy_diversity,com_displacement_max_mm_mean_abs,False,30,0.00369956817994888,0.11612697616803207,-0.5135736583562159,0.016678852381236304,-0.43359288097886545
hierarchical_compression,com_displacement_max_mm_mean_abs,False,30,0.28874399090477054,0.7995987440439799,0.20022747243954547,0.5945623004709505,0.10122358175750834
metastability_proxy,com_displacement_max_mm_mean_abs,False,30,0.20504719387919798,0.7371049702932915,-0.2381498863174461,0.4694880456705673,-0.13726362625139044
switching_rate,com_displacement_max_mm_mean_abs,False,30,0.7101622508463319,0.9411454421443864,-0.07077363507804402,0.8324781730845117,-0.04031632382773558
thalamic_coupling,com_displacement_max_mm_mean_abs,False,30,0.42689973043461077,0.8677049047035689,0.15062656601116017,0.42281175692313056,0.15194660734149054
within_network_stability,com_displacement_max_mm_mean_abs,False,30,0.0029130596245579305,0.11612697616803207,0.5247012418083763,0.009512197230325236,0.46562847608453833
cross_network_communication,com_displacement_mean_mm_delta_lsd_minus_placebo,False,30,0.37477849304882505,0.8553601945678141,-0.1680285447438618,0.4694880456705673,-0.13726362625139044
effective_barrier_proxy,com_displacement_mean_mm_delta_lsd_minus_placebo,False,30,0.5227526951250248,0.9073906686781444,0.12141065169780065,0.692006562461072,0.07542552054682775
entropy_diversity,com_displacement_mean_mm_delta_lsd_minus_placebo,False,30,0.09814111988736945,0.5435508178377385,0.307663381722704,0.021676103633107405,0.4175750834260289
hierarchical_compression,com_displacement_mean_mm_delta_lsd_minus_placebo,False,30,0.6890876199631583,0.9411454421443864,-0.0761773462677123,0.9916218614160739,-0.0020022246941045607
metastability_proxy,com_displacement_mean_mm_delta_lsd_minus_placebo,False,30,0.285963760507988,0.7995987440439799,0.2013619240535085,0.4187001583687509,0.1532814238042269
switching_rate,com_displacement_mean_mm_delta_lsd_minus_placebo,False,30,0.40785598193735617,0.8677049047035689,-0.15683741240059892,0.6404817231130681,-0.08887410611749447
thalamic_coupling,com_displacement_mean_mm_delta_lsd_minus_placebo,False,30,0.3297407710365262,0.8148976726420812,-0.18424264996199038,0.15135592862640532,-0.26852057842046717
within_network_stability,com_displacement_mean_mm_delta_lsd_minus_placebo,False,30,0.4254098525313176,0.8677049047035689,-0.15110684856570744,0.5929347347453279,-0.10166852057842046
cross_network_communication,com_displacement_mean_mm_mean_abs,False,30,0.7170844612972938,0.9411454421443864,0.06901064132182129,0.9525495284707406,0.011345939933259176
effective_barrier_proxy,com_displacement_mean_mm_mean_abs,False,30,0.6838109425710759,0.9411454421443864,0.07753932076690609,0.6730817214580339,0.08032039208673987
entropy_diversity,com_displacement_mean_mm_mean_abs,False,30,0.001735936896962784,0.11612697616803207,-0.5475886711557357,0.009512197230325236,-0.46562847608453833
hierarchical_compression,com_displacement_mean_mm_mean_abs,False,30,0.6667334173518945,0.9411454421443864,-0.081973557496941,0.357247839636608,-0.17419354838709677
metastability_proxy,com_displacement_mean_mm_mean_abs,False,30,0.4943843366679366,0.9073906686781444,-0.12974662988610683,0.9395449585639919,-0.014460511679644046
switching_rate,com_displacement_mean_mm_mean_abs,False,30,0.6236666147467835,0.9411454421443864,-0.0933525823774435,0.6270859521837836,-0.09243798004701806
thalamic_coupling,com_displacement_mean_mm_mean_abs,False,30,0.8621297055591848,0.9610425648407773,0.03310454585447497,0.8509511779244581,0.035817575083426034
within_network_stability,com_displacement_mean_mm_mean_abs,False,30,0.010134890410776464,0.13267492901380099,0.4621555593146467,0.037489584797057,0.3815350389321468
cross_network_communication,com_displacement_p95_mm_delta_lsd_minus_placebo,False,30,0.49683505383007975,0.9073906686781444,-0.1290172388414016,0.5356772351954263,-0.11768631813125695
effective_barrier_proxy,com_displacement_p95_mm_delta_lsd_minus_placebo,False,30,0.813219278470068,0.951334836687703,0.045029235827433636,0.9692833830422253,-0.007342307309868187
entropy_diversity,com_displacement_p95_mm_delta_lsd_minus_placebo,False,30,0.6881180606359768,0.9411454421443864,0.07642732236037993,0.5202542743830019,0.1221357063403782
hierarchical_compression,com_displacement_p95_mm_delta_lsd_minus_placebo,False,30,0.42782672384689857,0.8677049047035689,-0.1503282029907657,0.5080737953256859,-0.12569521690767518
metastability_proxy,com_displacement_p95_mm_delta_lsd_minus_placebo,False,30,0.07800698095991004,0.4820694842168531,0.3267490161928083,0.15634031344449364,0.2654060066740823
switching_rate,com_displacement_p95_mm_delta_lsd_minus_placebo,False,30,0.5825463763678669,0.9411454421443864,-0.1045210858975243,0.8260955616767803,-0.04187551867190215
thalamic_coupling,com_displacement_p95_mm_delta_lsd_minus_placebo,False,30,0.6554439754291155,0.9411454421443864,-0.0849280912862645,0.5450342669201209,-0.11501668520578419
within_network_stability,com_displacement_p95_mm_delta_lsd_minus_placebo,False,30,0.9586433334568212,0.9845709731561348,0.009887516331391299,0.8619506877791012,0.03314794215795328
cross_network_communication,com_displacement_p95_mm_mean_abs,False,30,0.5293112233955842,0.9073906686781444,0.11951528193064676,0.8454615546853463,0.0371523915461624
effective_barrier_proxy,com_displacement_p95_mm_mean_abs,False,30,0.8213886404752152,0.951334836687703,-0.0430270581935558,0.759620051693186,-0.058293470157135305
entropy_diversity,com_displacement_p95_mm_mean_abs,False,30,0.007257936010502003,0.11612697616803207,-0.48006221500935753,0.039708153892522406,-0.3775305895439377
hierarchical_compression,com_displacement_p95_mm_mean_abs,False,30,0.8764273770200006,0.9610425648407773,-0.029643648908771667,0.3685784472672135,-0.17018909899888765
metastability_proxy,com_displacement_p95_mm_mean_abs,False,30,0.32767638468669535,0.8148976726420812,-0.185017043117495,0.9247014225657184,-0.018020022246941044
switching_rate,com_displacement_p95_mm_mean_abs,False,30,0.8600918183266192,0.9610425648407773,0.033598653420857306,0.7495706031409385,0.06080859892249621
thalamic_coupling,com_displacement_p95_mm_mean_abs,False,30,0.769420823774905,0.9411454421443864,0.05584981417421152,0.8345038040366157,0.03982202447163515
within_network_stability,com_displacement_p95_mm_mean_abs,False,30,0.008587225196916503,0.12365604283559764,0.4711588696543468,0.013385140351714392,0.44649610678531704
cross_network_communication,global_signal_derivative_rms_delta_lsd_minus_placebo,False,30,0.014264785680637267,0.14672350985798333,0.4428116948205249,0.010316022582463651,0.46117908787541706
effective_barrier_proxy,global_signal_derivative_rms_delta_lsd_minus_placebo,False,30,0.027755737972011377,0.23510742752762576,-0.4017650356984448,0.05796785405675759,-0.3499833151037169
entropy_diversity,global_signal_derivative_rms_delta_lsd_minus_placebo,False,30,0.79675547142612,0.9482048585567049,0.04907881130616103,0.6885846533599633,-0.07630700778642936
hierarchical_compression,global_signal_derivative_rms_delta_lsd_minus_placebo,False,30,0.15923834183652996,0.6551520349845804,0.26362775328348786,0.16292026995889453,0.26140155728587317
metastability_proxy,global_signal_derivative_rms_delta_lsd_minus_placebo,False,30,0.4489454749003491,0.8814723940283363,-0.1436242044024644,0.3724017531717405,-0.16885428253615126
switching_rate,global_signal_derivative_rms_delta_lsd_minus_placebo,False,30,0.03684152674946259,0.2792199922064533,0.382740659856671,0.08328027992183136,0.3214168800189086
thalamic_coupling,global_signal_derivative_rms_delta_lsd_minus_placebo,False,30,0.10960163066594995,0.5636655291391712,0.298097174636259,0.1790358117391389,0.2520578420467186
within_network_stability,global_signal_derivative_rms_delta_lsd_minus_placebo,False,30,0.0069105075262607995,0.11612697616803207,0.48261612022878425,0.0017396582134236677,0.5474972191323693
cross_network_communication,global_signal_derivative_rms_mean_abs,False,30,0.24391587358159134,0.7473167190584926,0.21946483675122735,0.4214387472122442,0.15239154616240266
effective_barrier_proxy,global_signal_derivative_rms_mean_abs,False,30,0.8987339245553813,0.9610425648407773,-0.024262110665527817,0.722488390584724,-0.06763822491514936
entropy_diversity,global_signal_derivative_rms_mean_abs,False,30,0.16975080183188954,0.6790032073275581,-0.2573647576442621,0.34612718188810027,-0.17819799777530587
hierarchical_compression,global_signal_derivative_rms_mean_abs,False,30,0.9009913285910016,0.9610425648407773,-0.023718588223162404,0.4990322211270611,-0.12836484983314794
metastability_proxy,global_signal_derivative_rms_mean_abs,False,30,0.7302743208592288,0.9411454421443864,0.06566667567518161,0.647625896626907,0.08698553948832036
switching_rate,global_signal_derivative_rms_mean_abs,False,30,0.9840338917945664,0.9909152476812417,-0.0038157876519635293,0.7522367257537325,0.06014037256071054
thalamic_coupling,global_signal_derivative_rms_mean_abs,False,30,0.31191721046205667,0.8148976726420812,0.19103020917076174,0.27423022087180743,0.20622914349276972
within_network_stability,global_signal_derivative_rms_mean_abs,False,30,0.002932852487459654,0.11612697616803207,0.5243910505635858,0.0026354841842274714,0.5292547274749722
cross_network_communication,global_signal_derivative_spike_fraction_delta_lsd_minus_placebo,False,30,0.2416426145853911,0.7473167190584926,0.2205001055842839,0.5448849210378952,0.11505912419935782
effective_barrier_proxy,global_signal_derivative_spike_fraction_delta_lsd_minus_placebo,False,30,0.1481491591452781,0.6464690580884863,-0.27056360354126463,0.22160491283519632,-0.22992040917509102
entropy_diversity,global_signal_derivative_spike_fraction_delta_lsd_minus_placebo,False,30,0.38610008782574945,0.8553601945678141,-0.16413641876120816,0.3911452470698038,-0.16242326852996727
hierarchical_compression,global_signal_derivative_spike_fraction_delta_lsd_minus_placebo,False,30,0.39954358538749324,0.8677049047035689,0.1595993688506359,0.9831733300504124,-0.004021483952598915
metastability_proxy,global_signal_derivative_spike_fraction_delta_lsd_minus_placebo,False,30,0.9142810588527723,0.9610425648407773,-0.020522329615696246,0.8210120886535583,-0.04311924460286614
switching_rate,global_signal_derivative_spike_fraction_delta_lsd_minus_placebo,False,30,0.2422262211231374,0.7473167190584926,0.2202337088282638,0.3185982442965293,0.18845852622231773
thalamic_coupling,global_signal_derivative_spike_fraction_delta_lsd_minus_placebo,False,30,0.23632231943849255,0.7473167190584926,0.2229486391081582,0.27961642134818365,0.20397860270682272
within_network_stability,global_signal_derivative_spike_fraction_delta_lsd_minus_placebo,False,30,0.37710107372523266,0.8553601945678141,0.1672245738963806,0.3658789238709664,0.17113648376059826
cross_network_communication,global_signal_derivative_spike_fraction_mean_abs,False,30,0.01845073619499301,0.1771270674719329,0.4275081907073106,0.003921465841279697,0.5108046442918834
effective_barrier_proxy,global_signal_derivative_spike_fraction_mean_abs,False,30,0.23901726934212547,0.7473167190584926,-0.22170381309853232,0.2451778306358123,-0.2188928901879473
entropy_diversity,global_signal_derivative_spike_fraction_mean_abs,False,30,0.5008400896488193,0.9073906686781444,0.12782913381634164,0.5390206983557632,0.11672988818532358
hierarchical_compression,global_signal_derivative_spike_fraction_mean_abs,False,30,0.04168901783583487,0.30016092841801106,0.37410408597601696,0.006214060291349572,0.4880824141489388
metastability_proxy,global_signal_derivative_spike_fraction_mean_abs,False,30,0.2149889496688767,0.7371049702932915,-0.23315662582982716,0.08392342475432112,-0.32078442554745407
switching_rate,global_signal_derivative_spike_fraction_mean_abs,False,30,0.2628362477943203,0.7767684306185851,0.21108595581995843,0.236365719913689,0.22292851705481162
thalamic_coupling,global_signal_derivative_spike_fraction_mean_abs,False,30,0.11831249840102137,0.5874827506809337,0.29131526488234044,0.08808980167756784,0.3167746202281109
within_network_stability,global_signal_derivative_spike_fraction_mean_abs,False,30,0.972571954877978,0.9862701514255552,-0.006555917282565417,0.8857156498150263,0.027400336348845034
cross_network_communication,image_dvars_max_delta_lsd_minus_placebo,False,30,0.9049903180763689,0.9610425648407773,0.02275618325258307,0.9674263421873238,-0.00778642936596218
effective_barrier_proxy,image_dvars_max_delta_lsd_minus_placebo,False,30,0.10400277705865499,0.5546814776461599,-0.30267159192064974,0.1030336524336436,-0.3034820354745517
entropy_diversity,image_dvars_max_delta_lsd_minus_placebo,False,30,0.1327589060811754,0.616686531473847,0.28084110383513383,0.21276377245573533,0.2342602892102336
hierarchical_compression,image_dvars_max_delta_lsd_minus_placebo,False,30,0.7053345824809152,0.9411454421443864,-0.0720065797682971,0.5356772351954263,-0.11768631813125695
metastability_proxy,image_dvars_max_delta_lsd_minus_placebo,False,30,0.294655322881828,0.8005729527355326,0.1978382974207651,0.3071634918780163,0.19288097886540603
switching_rate,image_dvars_max_delta_lsd_minus_placebo,False,30,0.09791071074238336,0.5435508178377385,0.30786413850194533,0.11886046536969681,0.29090120949736287
thalamic_coupling,image_dvars_max_delta_lsd_minus_placebo,False,30,0.7689035466841287,0.9411454421443864,0.05597856787771996,0.9730081752976698,-0.0064516129032258064
within_network_stability,image_dvars_max_delta_lsd_minus_placebo,False,30,0.8660018747494015,0.9610425648407773,-0.03216627361992493,0.9544083764218502,0.010901001112347052
cross_network_communication,image_dvars_max_mean_abs,False,30,0.1946884903016498,0.7371049702932915,0.24353285494213794,0.18546010138233066,0.24849833147942155
effective_barrier_proxy,image_dvars_max_mean_abs,False,30,0.9640590778820488,0.9845709731561348,0.008591833534279898,0.8417883461430662,0.038046501514771514
entropy_diversity,image_dvars_max_mean_abs,False,30,0.021661634493062118,0.19495471043755908,-0.4176168377497138,0.04875850889875158,-0.36284760845383757
hierarchical_compression,image_dvars_max_mean_abs,False,30,0.8772821423275272,0.9610425648407773,0.02943704738606203,0.9228476207693762,0.01846496106785317
metastability_proxy,image_dvars_max_mean_abs,False,30,0.7166024158129518,0.9411454421443864,-0.06913322879064712,0.9506909245170637,0.011790878754171301
switching_rate,image_dvars_max_mean_abs,False,30,0.7461436246487525,0.9411454421443864,-0.061668566361311836,0.7566864657083522,-0.05902666195773442
thalamic_coupling,image_dvars_max_mean_abs,False,30,0.3395406969342005,0.8148976726420812,0.18060630694068186,0.3522793351773135,0.17597330367074526
within_network_stability,image_dvars_max_mean_abs,False,30,0.01177253146746618,0.13493986261801832,0.4538109545052781,0.029195126778298348,0.3984427141268076
cross_network_communication,image_dvars_mean_delta_lsd_minus_placebo,False,30,0.713187183198212,0.9411454421443864,0.07000252687873776,0.5279386219751127,0.11991101223581756
effective_barrier_proxy,image_dvars_mean_delta_lsd_minus_placebo,False,30,0.6227036692921668,0.9411454421443864,-0.093610519617355,0.5050031735472319,-0.12659917755499994
entropy_diversity,image_dvars_mean_delta_lsd_minus_placebo,False,30,0.07758638664118857,0.4820694842168531,0.32718610430788225,0.15418993850617563,0.2667408231368187
hierarchical_compression,image_dvars_mean_delta_lsd_minus_placebo,False,30,0.538499742740039,0.9122819171125366,0.1168787269874998,0.7024388474244606,0.07274749721913237
metastability_proxy,image_dvars_mean_delta_lsd_minus_placebo,False,30,0.6469181886593238,0.9411454421443864,0.08717225731399753,0.7286658674295455,0.06607341490545049
switching_rate,image_dvars_mean_delta_lsd_minus_placebo,False,30,0.6634827417001177,0.9411454421443864,0.08282233581857179,0.5328447344735281,0.1184988081566593
thalamic_coupling,image_dvars_mean_delta_lsd_minus_placebo,False,30,0.7270972782104594,0.9411454421443864,-0.06647034853783153,0.7909951119419784,-0.05050055617352613
within_network_stability,image_dvars_mean_delta_lsd_minus_placebo,False,30,0.45297886915345065,0.8814723940283363,0.14236334447260054,0.3083021583840027,0.19243604004449388
cross_network_communication,image_dvars_mean_mean_abs,False,30,0.5287734170155157,0.9073906686781444,0.11967027625163865,0.6526939314208455,0.08565072302558399
effective_barrier_proxy,image_dvars_mean_mean_abs,False,30,0.4746738487715568,0.9073906686781444,0.13568122020584691,0.5027417816146634,0.12726666003771525
entropy_diversity,image_dvars_mean_mean_abs,False,30,0.006941980460383862,0.11612697616803207,-0.48238033508860506,0.022778026055764008,-0.41446051167964404
hierarchical_compression,image_dvars_mean_mean_abs,False,30,0.9917487293287531,0.991748729328753,0.0019719045112366815,0.7181370776973052,-0.06874304783092325
metastability_proxy,image_dvars_mean_mean_abs,False,30,0.8324179821017402,0.951334836687703,-0.0403310156864225,0.8582812680464643,0.034037819799777526
switching_rate,image_dvars_mean_mean_abs,False,30,0.33825281853004807,0.8148976726420812,-0.18108050796651076,0.42223668424595817,-0.15213286836653814
thalamic_coupling,image_dvars_mean_mean_abs,False,30,0.9209991246390783,0.9610425648407773,0.018908721139654652,0.8987876795986027,0.024249165739710785
within_network_stability,image_dvars_mean_mean_abs,False,30,0.005148297857696674,0.11612697616803207,0.49755410989571125,0.018225640662518788,0.4282536151279199
cross_network_communication,image_dvars_p95_delta_lsd_minus_placebo,False,30,0.44681954209781055,0.8814723940283363,0.14429122601873953,0.4118971733664477,0.15550611790878754
effective_barrier_proxy,image_dvars_p95_delta_lsd_minus_placebo,False,30,0.17780457522099932,0.6919961846438892,-0.2527502320386135,0.18298206897028557,-0.24986094269642345
entropy_diversity,image_dvars_p95_delta_lsd_minus_placebo,False,30,0.2643170354188241,0.7767684306185851,0.210447113361023,0.5156699825939661,0.12347052280311456
hierarchical_compression,image_dvars_p95_delta_lsd_minus_placebo,False,30,0.752648146963234,0.9411454421443864,0.060037318165191256,0.7676737857629369,0.05628476084538376
metastability_proxy,image_dvars_p95_delta_lsd_minus_placebo,False,30,0.7053432168693191,0.9411454421443864,0.07200437207934322,0.7766212161031651,0.05406006674082313
switching_rate,image_dvars_p95_delta_lsd_minus_placebo,False,30,0.2007853995935384,0.7371049702932915,0.24034130288463706,0.23246542867764214,0.22474679968058128
thalamic_coupling,image_dvars_p95_delta_lsd_minus_placebo,False,30,0.5973189395183278,0.9411454421443864,0.10047117795590269,0.7463209997659642,0.06162402669632924
within_network_stability,image_dvars_p95_delta_lsd_minus_placebo,False,30,0.3093703219895852,0.8148976726420812,0.19201958355972423,0.16144128204414793,0.2622914349276974
cross_network_communication,image_dvars_p95_mean_abs,False,30,0.38097424377609834,0.8553601945678141,0.16589025054287088,0.5187239738546686,0.12258064516129033
effective_barrier_proxy,image_dvars_p95_mean_abs,False,30,0.6711797092779193,0.9411454421443864,0.08081508827110193,0.693736260198617,0.07498053222501753
entropy_diversity,image_dvars_p95_mean_abs,False,30,0.01218207093079332,0.13493986261801832,-0.45187742296094985,0.03379221869951786,-0.3886540600667408
hierarchical_compression,image_dvars_p95_mean_abs,False,30,0.901711246031729,0.9610425648407773,0.02354528990969787,0.8711364062149981,-0.030923248053392655
metastability_proxy,image_dvars_p95_mean_abs,False,30,0.6746655223134594,0.9411454421443864,-0.07990885206364136,0.976730107758198,0.005561735261401557
switching_rate,image_dvars_p95_mean_abs,False,30,0.4932240014914967,0.9073906686781444,-0.13009261004262007,0.6055651309950176,-0.09822927518249389
thalamic_coupling,image_dvars_p95_mean_abs,False,30,0.7640903806711541,0.9411454421443864,0.057177766121303264,0.8619506877791012,0.03314794215795328
within_network_stability,image_dvars_p95_mean_abs,False,30,0.004912096719394238,0.11612697616803207,0.4998777795614719,0.017181863273063838,0.4318131256952169
cross_network_communication,image_dvars_spike_fraction_delta_lsd_minus_placebo,False,30,0.3653720204178177,0.8553601945678141,0.17131483807170256,0.35244549275945924,0.17591354334609435
effective_barrier_proxy,image_dvars_spike_fraction_delta_lsd_minus_placebo,False,30,0.28339385545093954,0.7995987440439799,-0.20241683587691822,0.25589692201556036,-0.21411149316793948
entropy_diversity,image_dvars_spike_fraction_delta_lsd_minus_placebo,False,30,0.03490077121420036,0.2792061697136029,-0.3864562946127826,0.061598121526307587,-0.34535311111219286
hierarchical_compression,image_dvars_spike_fraction_delta_lsd_minus_placebo,False,30,0.6228523523502693,0.9411454421443864,-0.0935706823065255,0.4014974269323169,-0.15894726251576038
metastability_proxy,image_dvars_spike_fraction_delta_lsd_minus_placebo,False,30,0.7835023166737374,0.9411454421443864,0.05235389468800902,0.5722209541371026,0.10737869841303474
switching_rate,image_dvars_spike_fraction_delta_lsd_minus_placebo,False,30,0.3343311393178868,0.8148976726420812,0.18253127439016015,0.31752468294478275,0.18886949279123236
thalamic_coupling,image_dvars_spike_fraction_delta_lsd_minus_placebo,False,30,0.2133628921846955,0.7371049702932915,0.23396236107234186,0.06890365365416898,0.33664673015978464
within_network_stability,image_dvars_spike_fraction_delta_lsd_minus_placebo,False,30,0.14578995464340316,0.6464690580884863,0.27208712124994755,0.18921515997727986,0.24645755311432505
cross_network_communication,image_dvars_spike_fraction_mean_abs,False,30,0.8067066920719884,0.951334836687703,-0.046628730327165475,0.7259380112765649,-0.06676387837663626
effective_barrier_proxy,image_dvars_spike_fraction_mean_abs,False,30,0.5193652725087599,0.9073906686781444,-0.1223941080833232,0.7480564281101489,-0.06118842095287943
entropy_diversity,image_dvars_spike_fraction_mean_abs,False,30,0.7155550498526044,0.9411454421443864,-0.06939967478290351,0.7075008605354242,-0.0714529802024201
hierarchical_compression,image_dvars_spike_fraction_mean_abs,False,30,0.7842878684536554,0.9411454421443864,-0.05215937165634976,0.8835986069410177,-0.027911320391570345
metastability_proxy,image_dvars_spike_fraction_mean_abs,False,30,0.5670811655076051,0.9386171015298291,-0.10880976558265978,0.43496757400555763,-0.1480416433568891
switching_rate,image_dvars_spike_fraction_mean_abs,False,30,0.42297944529325904,0.8677049047035689,0.15189232095807856,0.7067204454597534,0.07165235169737813
thalamic_coupling,image_dvars_spike_fraction_mean_abs,False,30,0.9420092777810232,0.9758945036004845,-0.01387005527889576,0.7471938171796366,-0.061404904861454765
within_network_stability,image_dvars_spike_fraction_mean_abs,False,30,0.15626103089885762,0.6551520349845804,-0.2654549856649868,0.10253834527372295,-0.30389845642341795
