source_path,derivation_note,label,status,ready,score,evidence,blocker_or_note
results/thesis_upgrade/thesis_upgrade_status.json,derived for PI package from existing artifacts; not regenerated scientific output,Motion and confounds,blocked,False,0.82,results/setting_seed/motion/motion_summary.json; results/confound_controls/motion_confound_control_status.json; results/confound_controls/design_confound_control_status.json; results/confound_controls/module_dvars_control_status.json; results/confound_controls/published_motion_qc_status.json; results/confound_controls/ds003059_motion_source_availability.json; results/confound_controls/image_motion_qc_status.json; results/confound_controls/fmriprep_motion_proof_plan.json,Raw-BOLD image-derived motion/QC sensitivity is implemented, but strict completion still requires fMRIPrep FD/DVARS/censoring motion proof.
results/thesis_upgrade/thesis_upgrade_status.json,derived for PI package from existing artifacts; not regenerated scientific output,Canonical parcellation,implemented,True,1.0,results/parcellation_sensitivity/parcellation_sensitivity_status.json,"Canonical Schaefer/Yeo extraction, empirical viewer, and mechanism-proxy ranking are available."
results/thesis_upgrade/thesis_upgrade_status.json,derived for PI package from existing artifacts; not regenerated scientific output,Neuromaps spatial nulls,implemented,True,1.0,results/cortical_maps/neuromaps_spatial_null_status.json; results/cortical_maps/cortical_map_alignment_status.json,"Schaefer100 map-family Moran spatial nulls are complete across receptor, myelin, functional-gradient, and gene-expression priors."
results/thesis_upgrade/thesis_upgrade_status.json,derived for PI package from existing artifacts; not regenerated scientific output,ROCKET benchmark,mixed,False,0.85,results/training/rocket_condition_benchmark/comparison_summary.json,"Add permutation-null, calibration, and MiniRocket/MultiRocket gates before treating this as strong ML evidence."
results/thesis_upgrade/thesis_upgrade_status.json,derived for PI package from existing artifacts; not regenerated scientific output,Public dashboard,implemented,True,1.0,results/thesis_upgrade/thesis_upgrade_status.json; _site/pages_manifest.json; _site/index.html; _site/dashboard/dashboard-data.json; _site/artifacts/results/thesis_upgrade/thesis_upgrade_status.json; _site/artifacts/results/reproducible_archive/ARCHIVE_MANIFEST.json,"Static GitHub Pages dashboard snapshot and key gate/archive artifacts are present and synchronized with the current readiness artifact. This is presentation evidence, not a citable archive."
results/thesis_upgrade/thesis_upgrade_status.json,derived for PI package from existing artifacts; not regenerated scientific output,Cross-dataset stress-test implementation/readiness,mixed,True,1.0,results/psilocybin_ds006072/psilocybin_ds006072_status.json; results/psilocybin_ds006072/external_validation_readiness.json; results/psilocybin_ds006072/comparable_empirical_validation_summary.json; results/psilocybin_ds006072/minimum_payload_plan.json; results/psilocybin_ds006072/cifti_empirical_extraction_status.json; results/external_ingestion/external_ingestion_status.json,"Schaefer100/Yeo7 ds006072 extraction and unchanged scoring are complete; ranking_differs_from_lsd_top_layer; ds006072 top=E, LSD reference top=C."
results/thesis_upgrade/thesis_upgrade_status.json,derived for PI package from existing artifacts; not regenerated scientific output,Receptor + structural sensitivity implementation,implemented,True,1.0,results/structural_connectome/structural_connectome_status.json; results/receptor_priors/receptor_prior_status.json; results/external_ingestion/external_ingestion_status.json,Documented structural-connectome graph sensitivity and PET-derived receptor-prior sensitivity are implemented with null/control context; keep biological mechanism promotion governed by the separate receptor/myelin/gradient claim gate.
results/thesis_upgrade/thesis_upgrade_status.json,derived for PI package from existing artifacts; not regenerated scientific output,Receptor/myelin/gradient claim,unsupported,True,1.0,results/cortical_maps/cortical_map_alignment_status.json; results/cortical_maps/map_prior_falsification_status.json,The map-prior claim is resolved as a negative control: do not promote receptor/myelin/gradient mechanism claims from this dataset.
results/thesis_upgrade/thesis_upgrade_status.json,derived for PI package from existing artifacts; not regenerated scientific output,Reproducible archive,blocked,False,0.55,results/reproducible_archive/ARCHIVE_MANIFEST.json,"Checksum manifest exists, but thesis-readiness still requires verified Zenodo DOI."
